.metric,.estimator,.estimate
rsq,standard,0.05481604694259413
ccc,standard,0.16221825426297545
mape,standard,59.97174343653591
rmse,standard,896.8399287531416
