.metric,.estimator,.estimate
rsq,standard,0.17866255048864627
ccc,standard,0.2851737772209874
mape,standard,42.04417040160419
rmse,standard,501.85142124204657
