.metric,.estimator,.estimate
rsq,standard,0.04072140901532411
ccc,standard,0.0758973384184024
mape,standard,55.45386229056244
rmse,standard,1203.464050339108
