.metric,.estimator,.estimate
rsq,standard,0.06889801534910575
ccc,standard,0.1372439806556458
mape,standard,55.78000765045403
rmse,standard,850.541748523572
