.metric,.estimator,.estimate
rsq,standard,0.17037880429698324
ccc,standard,0.27694296848680244
mape,standard,40.92530515668125
rmse,standard,514.5417831719328
