.metric,.estimator,.estimate
rsq,standard,0.19708133671140746
ccc,standard,0.3051757181481449
mape,standard,41.39959654974562
rmse,standard,479.3027923914165
